0.34	6.34	今天收盘的话,这个消息确实是定下来了,23,24,25,老大就要去美国了。
6.34	16.34	今天最亮的板块就是新华板块,周末的时候新华传媒收购了财联社,就是我们经常用的那个,开盘2000万手封单,这个肯定要涨到国庆以后了。
16.34	24.34	所以今天新华开头的票涨得都很好,早上开盘下杀我吸了一个新华网,但是100多个亿盘子有点大了,确实拉不起来。
24.34	33.34	像新华制药的话也是秒掌听,我早上也没反应那么快,后面买了一个低位的新华医疗,这个还可以,还有新华都同一时间买的。
33.34	36.34	也没算亏吧,新华医疗还算摸到了。
36.34	48.34	今天还抵系了一个电子部的中财科技,这个票评论区很多人在抱怨,说是炸板两次,今天又一个超大的抵开,今天就反包了。
49.34	53.34	但他这一个尾盘硬拉,明天抵开三四个点也是应该的。
53.34	59.34	还是盘子小的好一点,新华百货很早就涨停了,30多个亿的盘子零售。
59.34	68.34	想起来上周的国防集团了,国防这个票,我上周分三比撤了,有一比卖了还可以,但它的话也是一个烂板啊,
68.34	72.34	不过周一也是直接走加速了,这个票其实我第一期都还是没有问题了。
72.34	77.34	它绕过一栋啊,调30个点,这种票细细没毛病了。
77.34	85.34	还有我上周五买的票啊,踩了减持的窝了,这个概论电子,上周五买了以后,周末就发了2%的减持,
85.34	88.34	今天直接抵开三个点啊,就直接就亏了。
88.34	95.34	还有这个国陵科技啊,也是上周五买的,周末也是直接减持啊,也是亏钱。
95.34	99.34	这个概率真的有点低啊,你说一直我认了,你两只同时发。
99.34	103.34	今天中共电影的话,也是拉了一根大羊啊,它的话是有一个利好,
103.34	108.34	流浪地球3的话,已经名牌了计划于27年的春节党登陆院线,
108.34	112.34	但这个我们早就预测到了,因为你要再不上的话,
112.34	117.34	现在AI短句那么火,都抖音上的那些,那你再不上都没人看了,
117.34	122.34	所以肯定是要上的,但这个票的股性激活还是要等哪一天拉个涨停板才行。
122.34	128.34	还有这个新股,今天成交额竟然有接近70个亿啊,接盘的人怎么这么多?
128.34	132.34	我来举个例子啊,我说CWC大家都知道,924的那个新股,
132.34	136.34	成交也就20多个亿啊,也就20多个亿啊。
136.34	142.34	就是红四方第一天最巅峰的时候也就30个亿成交啊,后面只有十几个亿了。
142.34	146.34	我看了一下,等到了47块钱的时候,已经成交了40多个亿啊,
146.34	150.34	这里面的人平均成本是50左右,也就是50万买进去,
150.34	156.34	收盘37.72,还剩37万啊,就已经亏了十几万了,如果50万买进去。
156.34	160.34	明天再杀一杀的话,明天肯定是个大阴陷啊,都不用想啊。
160.34	163.34	那再进去的这大几十个亿就腰斩了。
163.34	169.34	除非说你买的低的,可能明天还有跑的机会,像这种50多买的基本上就没戏了。
169.34	173.34	所以这个票在新股的腰股里面,就成交额而言是历史第一啊,
173.34	175.34	也就是坑的人是最多的一个。
175.34	179.34	还有兄弟问我,这个明天中速股份要不要高?
179.34	184.34	发行价55块二毛八,明天开盘就这个情绪顶到几百块钱。
185.34	189.34	就算开盘上冲,尾盘只会跳得更厉害啊。
189.34	194.34	而且现在马上过节这种行情,咱们应该少穿点,咱们得考虑风险啊,
194.34	196.34	也别亏个大的,是不是?
196.34	201.34	而且那个上一个新股,它真的买点都是很痛苦的,市场很恐惧的时候,
201.34	204.34	大家都不敢买,反而开了一个很低的价格。
