0.18	4.18	今天这个行情量能再创新低,还多了30家跌停。
5.18	8.18	但是半导体的话,今天还是冲了一下。
8.18	12.18	昨天外围没股市大跌,但是日寒的话还好,早上都没有跌。
12.18	15.18	我们这边半导体是今天也冲了一根,
15.18	20.18	今天很多20厘米的这些超跌的票拉了还可以,虽然围盘挑水了。
20.18	25.18	10厘米的票表现的就不太行,这个太启早上冲的那么猛,我进的很早了,
25.18	27.18	当时半导体指数还没起来,
27.18	31.18	但是他最后拉到四五个点,最后跳水了,也相当于不怎么赚钱。
32.18	36.18	昨天晚上比亚迪的话,围台电池出了利好,几个辨识度比较高的,
36.18	39.18	上海喜霸金龙鱼,这些表现的还可以,
39.18	42.18	辨识度低的,我进的这个月贵股份,就直接不赚钱,
42.18	45.18	市场现在拉的都是辨识度比较高的。
45.18	49.18	但这种的话,也就是消息刺激的鱼类游行情,和昨天的那个网络安全一样。
50.18	54.18	这个网络安全,昨天找完,今天要是跑得慢的人还得亏钱。
55.18	58.18	然后踢台这一边,龙板船没再度跌停。
59.18	62.18	从它停牌开始,监管变营开始,亏钱上营就非常大了。
63.18	65.18	今天的话,今年迷也是跌停了,远东股份,
66.18	67.18	这些爆船的核心都是跌停了。
68.18	70.18	还有创业版的话,今天又崩了一下,
71.18	73.18	因为前面都是一天跌个0.1,0.4,
74.18	76.18	跌个0.5,今天跌了一个多点,
77.18	78.18	主要今天宁德崩了,
79.18	81.18	现在真的是每天随机杀一个大票,
81.18	84.18	宁德从一个点跌到-6了。
85.18	88.18	前面本来也是每天小跌,今天来了一根大银线。
89.18	91.18	现在是有点像22年9月份,
92.18	94.18	当时也是市场的成交额缩量比较小,
95.18	97.18	然后每天杀一个当时是白马谷,
98.18	102.18	然后明天晚上,老美那个加不加息基本上肯定是要加了,
103.18	105.18	现在就是看是不是要按利空出境来处理了,
