0.40	5.40	我去沐溪今天杂掉附六啊,一路拉到了20多个点啊,这个沐溪啊。
5.40	9.40	我现在的话真的是非常心碎啊,非常心碎。
9.40	13.40	前面我一直喊解禁,他也算杂下来了。
13.40	18.40	相当于我养了一堂鱼,我一条都没打着。
18.40	23.40	今天的话科技这一边是早上一波冲高,后面的话又回落了。
23.40	26.40	昨天晚上老美那边也是加息啊,预期内的事。
26.40	34.40	今天的话资金是回流到了前期杀了好多天的一个前期的高标题材啊,尤其是一些没有绕移动的票啊,像这个金剑弥业。
34.40	38.40	还有国防集团啊,这个国防集团的话我是掏了一把。
38.40	44.40	早上国防的话杀的这个位置确实不错,因为昨天的那一个板其实就已经放了很大量了。
44.40	47.40	今天又杀到这个位置,正好科技又是跳水啊。
47.40	53.40	农业那边也是一样,早上科技长的时候他跳水啊,后面科技跳水他就拉起来了。
54.40	59.40	还是聊聊墓西啊,这个票,今天我是没买啊。
59.40	67.40	我错过了20个点,这个票,其实前面的时候,因为我一直也是在科普啊,这个,他要解禁了。
67.40	70.40	所以他其实提前已经杂了30个点了。
71.40	77.40	然后我今天还在预期他要跌很多,其实就有点,有点幻想了。
77.40	82.40	其实这个票有点像那个ST啊,就前面我们名的那个ST,提前就跌透了。
82.40	86.40	想跑的呢,都提前跑完了,然后剩下的都是投帖的。
86.40	91.40	早上他其实两分钟的时候,这个成交就很强了,成交了接近10个亿。
91.40	96.40	他平时才成交五六个亿啊,一天才五六个亿,这两分钟10个亿砸不下去。
96.40	104.40	然后后面其实到了33分的时候,虽然拉了3.4,但是成交10个亿啊,
104.40	111.40	就这时候还是可以追的啊,34分的话3.56,其实这两分钟可以追一下,虽然买不到付五了。
111.40	119.40	但是最起码还有机会啊,我的话还是性格问题啊,确实是,不大愿意去追有些什么。
119.40	124.40	但他今天的成见啊,确实是超一期的,还是比较超一期的。
124.40	130.40	尤其是三四分钟跌不下去啊,再加上今天也是力空出境啊,力空落地。
130.40	134.40	最后就来了这么一根超级放量大反转啊。
134.40	140.40	我一直在这个地方刻铺刻铺,最后都给别人做了嫁衣啊,这个票今天成交了100个亿。
141.40	148.40	其实这个票今天我后面想了一下,能,能低开下杀,就已经说明这个解禁的威力已经挺大了。
148.40	157.40	正常来讲,如果真的是力空落地,像我们,我原来讲的那个ST啊,都有可能ST了以后反而都是高开的。
157.40	164.40	他今天这个低开,其实说明解禁的威力也不小了,砸了四五分钟,也是砸了十几个亿啊。
164.40	170.40	只是说这里面想卖的人早就跑干净了,剩下的都是投铁的,投铁娃。
170.40	174.40	也是一个比较经典的,力空大家提前都知道了,提前砸。
174.40	181.40	然后后面力空落地的时候一波大涨,超级大涨,削子落地一根大阳线。
181.40	188.40	所以有一些资金很聪明,他提前两天就已经买进去了,因为他知道今天不管砸多少,反正对拉起来了。
188.40	196.40	我的话就是聪明反被聪明误,早上复误我还不满足,我还想砸了更多,就踏空了,二十多个点。
196.40	207.40	这样我就习取教训,下一次如果是提前制造的,我看时间啊,我不看跌幅了,我就定了时间,三四分钟,两分钟我看看成绩怎么样。
207.40	215.40	这个也是真的经典啊,这个价格其实资金,很多资金早就想买吧,只是鸡蛋解禁,那反而解禁的那一天,
215.40	222.40	反而解禁的筹码是有限的,靠,资金买入的热情是无限的了。
