0.24	8.24	今天这个新股开盘开在300块钱,还是尾盘又拉起来了,从300拉到400多,换手90%
8.24	10.24	还是有三四十个点了
10.24	13.24	这新股的情绪起来,资金真的是不要命
13.24	18.24	就9点50的时候,才20分钟就已经达到了50的换手了
18.24	22.24	这马上也是后天就924了,资金也是纯省预动
22.24	28.24	我昨天想着他今天应该冲高回落,但是我没想到他开到300,最高还能冲到580
28.24	33.24	最后收在300的人,明天遞开30个点都不会亏钱了
33.24	38.24	然后华字本这一边新华传媒继续100亿封单
38.24	44.24	昨天的新华制要顶一字,包括新华文宣还是顶了一字
44.24	48.24	我昨天进了新华医疗,今天我是直接走了
48.24	51.24	没想到他竟然还给了一个高开,还可以
51.24	53.24	新华多的话盘中冲高彻了
53.24	57.24	新华百货是早上我看他下沙滴息了一下
57.24	61.24	没想到他昨天涨停的还是挺早的
61.24	66.24	但是今天竟然是一个没有什么溢价的开盘
66.24	68.24	所以内蒙新华早上肯定开的偏低了
68.24	72.24	但是你开盘再想挂高没机会了
72.24	74.24	开盘秒到正气,这个是买不进的
74.24	76.24	除非仅仅你就买
76.24	78.24	科技这一边的话,今天就是高开足迅了
78.24	80.24	昨天买的电子布
80.24	83.24	今天本来应该遞开34个点
83.24	85.24	但是因为美股那边大涨
85.24	87.24	所以没有遞开
87.24	89.24	但是开盘还是杀到富三了
89.24	91.24	最后跌了5个点
91.24	94.24	像中国常程,昨天AMD是新高
94.24	97.24	然后早上的话一堆资金来顶
97.24	100.24	但是科技一跳水,最后还炸了
100.24	103.24	昨天的话,谷歌的那个智能体发酵的也很厉害
103.24	105.24	早上我是买了一个神广
105.24	106.24	但这个还不如蓝色
106.24	110.24	蓝色早上如果正三买的话,还能转三个点
110.24	113.24	但是AI应用表现的也就那样
113.24	116.24	盘中的话还有发改尾提了一嘴北斗
116.24	119.24	但是这个毕竟也不是什么实质性的利好
119.24	121.24	通告还是回落了
121.24	125.24	然后敏东的话今天是没绕过去
125.24	127.24	它的话主要是大盘跳了
127.24	130.24	敏东的话今天就是第十天
130.24	131.24	先拉了6个板
131.24	134.24	然后压4天,第十天压过去空间就到了
134.24	136.24	但今天没能过去
136.24	139.24	主要是指数集合定价跌了0.03
139.24	142.24	不然的话它真压住了
142.24	145.24	所以这种价格比较高的票
145.24	147.24	20块钱其实也不能算太高了
147.24	150.24	但是它一分钱的话波动是0.05
150.24	153.24	所以这种还真就是10块钱上下的好一点
153.24	155.24	它10块钱上下
155.24	158.24	一分钱的话大概是0.1个点
158.24	161.24	那指数一般尾盘不至于跳0.1个点
161.24	163.24	所以这种20块钱以上的票
163.24	165.24	一定要往最坏的情况下
165.24	168.24	也就是大盘跳个0.03,0.04
168.24	170.24	你能买到了价格还不会出发
170.24	171.24	那就考虑试一试
171.24	172.24	不然的话就算了
