date,group,code,name,side,status,reason,price,qty,amount,fee,factor,ref
2025-08-14,B,sz300476,胜宏科技,buy,OK,,230.006,800,184004.8,46.0,"信息包点名的AI PCB绝对龙头, 0813放量大阳突破(213→236), 板块主升日追龙头",
2025-08-14,B,sz300308,中际旭创,buy,OK,,245,800,196000,49.0,"光模块全球第一、英伟达分身, 0813涨11%突破, 板块共振下龙头优先",
2025-08-14,B,sz002463,沪电股份,buy,OK,,57.48,3400,195432.0,48.86,"PCB二儿子, 0813放量涨停级大阳(53→57.8)突破平台, 位置相对胜宏更低",
2025-08-14,B,sz002851,麦格米特,buy,OK,,68.48,2900,198592.0,49.65,"英伟达电源唯一供货商, 0813收69.4创近期新高且距0811高点67.6不远, 趋势未过热",
2025-08-14,B,sz300153,科泰电源,buy,OK,,33.74,5900,199066.0,49.77,"柴油发电机绝对核心(市占15%且供英伟达), 0813中阳收33.7, 属链条中刚启动的补涨环节",
2025-08-14,C,sz002851,麦格米特,buy,SKIP,限价67.0未到(最低67.67),,,,,"服务器电源英伟达唯一供货, 一街一店垄断格局(B12)+出海链分身级(B16); 十日+17%已在加速段所以只低吸不追高: 67.0以下分批接, 高开超+2%(>70.8)直接放弃(A4/C8)。底仓约1成, 全天该票不超过2成, 分批不一次打满。",
2025-08-14,C,sz300153,科泰电源,buy,SKIP,限价32.5未到(最低33.05),,,,,"柴油发电机三核心之一, 市占15%且直接供英伟达(B16一档过关), 环节内龙头明牌(原话'绝对的核心', B17), 该分支辨识度第一(A2不买杂毛)。'备用电源未被充分定价'是推断不是市场已认事实, 推断票配推断的仓位: 0.5-1成小仓试错, 一笔不补。限价32.5(0812收32.36上方)留容差, 不挂死深价。",
2025-08-14,C,sz300476,胜宏科技,buy,SKIP,限价220.0未到(最低223.306),,,,,"条件预案(与沪电二选一, 只掏一把约1成): 主线盘中跳水且只是分歧不是退潮才触发。机械三条件: ①算力主线集体跳水, 标的盘中跌幅到-4%以下; ②非批量核按钮(开盘即批量跌停级闷杀则剧本作废全天不动); ③下杀不破前一日实体低点区域后回稳。220为参考锚(0812收214.9上方)不是死价, 盘中以跌不动为准。英伟达大儿子, 分歧出来的核心票是弱势吸血结构受益方(A3), 主线跳水日低吸前期高标(B3, plan-a回测仅5日6笔不作数)。",
2025-08-14,C,sz002463,沪电股份,buy,SKIP,限价54.0未到(最低54.44),,,,,"条件预案(与胜宏二选一, 不两边都买——同一个beta): 触发条件同胜宏三条件(主线集体跳水-4%以下/非批量核按钮/下杀不破前一日实体低点回稳)。54为参考锚(0812收52.5~0813开53.4区域)不是死价, 盘中以跌不动为准。英伟达二儿子, 服务器板占20-30%, 主线辨识度前二(B16)。",
2025-08-15,B,sz002837,英维克,buy,OK,,44.5,500,22250.0,5.56,液冷龙头、英伟达市占第一确定性最强，0814逆势收阳创阶段新高44.66，趋势完好。,
2025-08-15,B,sz002536,飞龙股份,buy,OK,,26.46,100,2646.0,0.66,液冷泵核心供货英伟达，0813/0814连续两日大阳逼近涨停，0814收26.63全天最强候选之一，顺势追强。,
2025-08-15,B,sh603516,淳中科技,buy,SKIP,现金不足一手,,,,,芯片满功率测试段液冷独占定位，0814收108.39创10日新高且未随大盘回落，强者恒强。,
2025-08-15,C,sz002837,英维克,buy,SKIP,限价43.0未到(最低43.931),,,,,"液冷绝对龙头、市占第一、英伟达A股分身, 分歧日只给限价单低吸; 高开3点以上放弃不追, 低开跌破42不接; 首笔1成以内、企稳再补、合计不超2成(分批依据=D区仓位口径+方案层风控声明, 非桃哥规则)",
2025-08-15,C,sz300547,川环科技,buy,SKIP,限价38.75未到(最低40.734),,,,,"液冷管路已供英伟达(供货层合规), 位置比三剑客温和; 8-14大阴线后再让3-4个点挂单(38.5~39区), 今日不再创新低且盘中有承接才配谈, 继续中阴下杀就删自选; 0.5~1成试错性质",
