0.00	5.00	924两周年,指数开盘就遞开遞走,跌了一个多点。
5.00	9.00	4000多家绿盘,量能又缩回1.6万多亿了。
9.00	14.00	昨天我进了云南者院,冲了两个点我都没走,最后还亏了一个点。
14.00	18.00	科技基本就是冲了一下,后面就吹哭拉朽了。
18.00	21.00	这个存量博弈,昨天拿先手的人太多了。
21.00	24.00	早上一拉的话,那些埋伏盘就砸了。
24.00	28.00	资金的话下午把华软科技给拉红了。
28.00	32.00	这个应该也是对这个924还跌这么多,有点不满。
32.00	36.00	今天虽然是普跌,但是下午的话,福建板块这边有异动。
36.00	42.00	平台发展是直接拉了一个涨跌版,因为现在中美还在谈嘛。
42.00	45.00	中秋节可能看看能谈出什么来。
45.00	50.00	这个我早上运气比较好,我买了一个华字味的新华都。
50.00	52.00	这个也是上次就买过的。
52.00	57.00	它本来其实今天应该拉不起来的,但是它正好是一个福建的票。
57.00	59.00	所以就蹭上了。
59.00	62.00	资金也是看它又是华字味,又是福建的。
62.00	64.00	把它给顶了一下,拉了一下尾盘。
64.00	70.00	但这种尾盘硬拉,它上一次第二天遞开了七个顶,我靠。
70.00	71.00	它别这么搞我。
71.00	74.00	还有这个金线米。
74.00	77.00	它早上冲到两个点,我没走。
77.00	79.00	到后面的话,国防集团跌停的时候,
79.00	83.00	它是被资金也砸了一下,最后尾盘又拉回富一了。
83.00	88.00	我的话是在富一点多的时候,出掉了大部分。
88.00	91.00	这个票今天一个超级大的海底牢阅。
91.00	95.00	国防啊,这些情绪票早上躺得太快了,
95.00	97.00	所以金件也撑不住了。
97.00	101.00	今天A股最后收了三八八八,三个八。
101.00	103.00	每个亏钱的一天,中秋节的话,
103.00	105.00	明天就不开盘了。
105.00	108.00	先过节吧,兄弟们,中秋节快乐。
