date,slot,step,attempt,in_tokens,out_tokens,cost_usd,duration_s
20260928,0915,01,1,46540,7636,0.714032,224
20260928,0915,02,1,44760,3781,0.45886899999999997,95
20260928,0915,03,1,28958,3587,0.303457,93
20260928,0915,04,1,67291,9992,0.8535189999999999,486
20260928,0915,05,1,23098,4605,0.319191,80
20260928,0915,06,1,66434,17150,1.3740400000000002,428
20260928,0915,blind,1,10698,4601,0.19705899999999998,134
20260928,0915,06,1,35157,11159,0.558568,276
20260928,0915,blind,2,10105,6946,0.25542549999999997,195
20260928,0915,06,2,35988,7891,0.474495,153
20260928,0915,blind,3,9568,4007,0.17860700000000002,93
20260928,0927,02,1,53330,5689,0.5160110000000001,108
20260928,1230,02,1,46757,5788,0.480629,181
20260928,1230,02,2,46586,4929,0.458811,160
20260928,1455,02,1,46157,3756,0.42721299999999995,122
20260928,1455,02,2,44926,3525,0.41515500000000005,90
20260928,1455,02,3,49762,4312,0.490626,104
20260929,0915,01,1,70998,4545,0.636551,270
20260929,0915,02,1,51002,4077,0.462023,106
20260929,0915,02,2,50075,4816,0.47611899999999996,173
20260929,0915,03,1,53528,3705,0.49722500000000003,121
20260929,0915,04,1,60723,6720,0.584255,213
20260929,0915,05,1,60166,6455,0.605821,222
20260929,0915,05,2,47940,3477,0.404961,83
20260929,0915,06,1,51832,4802,0.4681699999999999,157
20260929,0915,06,2,50005,3556,0.415469,159
20260929,0915,06,3,17018,1611,0.183733,64
20260929,0915,blind,1,33256,10976,0.477928,288
20260929,0915,06,1,57922,9173,0.610711,239
20260930,0915,01,1,35954,3758,0.37752800000000003,94
20260930,0915,02,1,45377,4644,0.44512900000000005,106
20260930,0915,02,2,44506,3731,0.44687699999999997,216
20260930,0915,03,1,45750,3465,0.41969500000000004,87
20260930,0915,04,1,95343,14304,1.278987,288
20260930,0915,04,2,52860,8085,0.587513,179
20260930,0915,05,1,57035,6898,0.600217,218
20260930,0915,06,1,57772,6677,0.634601,186
20260930,0915,06,2,84333,17102,1.4495349999999998,385
20260930,0915,01,1,48016,4107,0.455907,108
20260930,0915,02,1,44376,4736,0.473272,119
20260930,0915,02,2,43684,3576,0.410348,119
20260930,0915,03,1,62219,3111,0.485766,80
20260930,0915,04,1,70415,13881,0.9376424999999999,320
20260930,0915,05,1,56718,5277,0.5913870000000001,132
20260930,0915,06,1,62948,7785,0.7286290000000001,187
20260930,0915,06,2,28794,4535,0.441793,127
20260930,0915,06,3,57983,2582,0.5322570000000001,77
20260930,0915,blind,1,31887,7851,0.392958,194
20260930,0915,06,1,75974,11253,0.835787,261
20260928,0915,01,1,81102,14445,1.020171,184
20260928,0915,02,1,101108,21308,1.313024,317
20260928,0915,02,2,98589,24319,1.214776,295
20260928,0915,03b,1,120350,21318,1.4320439999999999,341
20260928,0915,03s,1,104812,15190,1.0231379999999999,193
20260928,0915,03j,1,116477,23615,1.449112,306
20260928,0915,04,1,97683,19325,1.088788,237
20260928,0915,04,2,109459,14925,1.851012,275
20260928,0915,05,1,132540,20494,1.6622180000000002,352
20260928,0915,06,1,122332,29657,1.558941,563
20260928,0915,06,2,29448,7454,0.42238999999999993,133
20260928,0915,01,1,85116,12958,0.916474,171
20260928,0915,02,1,102374,24587,1.393137,319
20260928,0915,03b,1,113396,26909,1.4142009999999998,365
20260928,0915,03s,1,110207,15164,1.1056549999999998,201
20260928,0915,03j,1,106852,21996,1.2268480000000002,290
20260929,0915,01,1,78703,14112,0.8813870000000001,156
20260928,0915,01,1,110935,23892,1.4508230000000002,349
20260929,0915,02,1,101317,20968,1.255009,320
20260929,0915,01,1,119780,15613,1.303177,262
20260929,0915,02,2,145103,38734,2.8373530000000002,549
20260929,0915,02,1,95761,19428,1.182329,324
20260929,0915,03b,1,99829,14797,1.212494,212
20260929,0915,02,2,92829,13081,1.0055699999999999,172
20260929,0915,02,3,83010,6870,0.7463839999999999,129
20260929,0915,03s,1,92037,13951,1.083008,178
20260929,0915,03b,1,105950,20388,1.1578499999999998,260
20260929,0915,03j,1,117453,25663,1.434632,385
20260929,0915,03s,1,115957,15954,1.5255790000000002,220
20260929,0915,04,1,121470,21143,1.2639889999999998,329
20260929,0915,03j,1,111635,21793,1.319096,366
20260928,0915,01,1,94766,23148,1.22949,321
20260929,0915,04,2,148442,28318,2.224752,517
20260928,0915,01,1,24319,9490,0.40895699999999996,144
20260928,0915,02,1,110407,32859,1.547878,442
20260928,0915,02,2,79584,2432,0.6616960000000001,47
20260929,0915,04,1,135733,42855,2.2621040000000003,667
20260928,0915,02,1,45709,16015,0.794392,306
20260928,0915,01,1,40822,15898,0.773464,202
20260929,0915,04,3,151809,33025,4.01571,567
20260929,0915,04,2,112852,16229,1.817249,329
20260928,0915,03b,1,110330,22264,1.5369540000000002,396
20260928,0915,02,1,28497,16968,0.682557,218
20260928,0915,04,1,57650,19368,1.194402,307
20260928,0915,05,1,19456,6932,0.302516,88
20260930,0915,01,1,92852,24667,1.3517190000000001,272
20260928,0915,02,2,24209,11198,0.481859,163
20260928,0915,03s,1,138622,29291,1.9594969999999998,368
20260928,0915,06,1,21814,8655,0.38806899999999994,131
20260929,0915,05,1,129634,26651,1.779533,448
20260928,0915,03b,1,26411,13546,0.551377,195
20260928,0915,06,2,27457,14131,0.660288,186
20260928,0915,06,3,46720,6185,0.436993,79
20260928,0915,03s,1,24507,11238,0.5211490000000001,160
20260930,0915,02,1,108931,29277,1.506628,466
20260928,0915,blind,1,23908,11828,0.4482,168
20260928,0915,03j,1,127372,27793,1.553669,511
20260928,0915,03j,1,38229,16759,0.7351759999999999,226
20260929,0915,01,1,26438,10826,0.453272,121
20260929,0915,06,1,138459,39770,2.4539690000000003,687
20260930,0915,03b,1,133100,24872,1.9586919999999997,421
20260928,0915,04,1,40504,20150,0.7975979999999999,293
20260928,0915,04,1,132454,29651,1.9642490000000001,372
20260929,0915,02,1,43565,22491,0.8464040000000002,343
20260928,0915,04,2,97506,10539,1.006269,144
20260928,0915,05,1,40590,12248,0.60003,244
20260930,0915,03s,1,106146,23295,1.409105,364
20260929,0915,blind,1,71898,37728,1.4049940000000003,501
20260930,0915,03j,1,113847,19974,1.3376409999999999,240
20260928,0915,06,1,59008,29085,1.1952849999999997,371
20260928,0915,05,1,127460,25709,1.6189049999999998,404
20260929,0915,04,1,157870,33461,2.233587,596
20260929,0915,05,1,29400,12913,0.5823369999999999,209
20260928,0915,06,2,65841,27175,1.463268,344
20260930,0915,04,1,179394,52849,2.9386110000000003,651
20260928,0915,06,1,259389,41913,3.3110100000000005,648
20260929,0915,06,1,80272,40753,2.351993,576
20260929,0915,06,1,148861,65565,3.782694,1140
20260930,0915,05,1,138487,29443,1.760478,409
20260928,0915,blind,1,63171,29754,1.151865,408
20260928,0915,06,3,128424,56018,3.44129,791
20260929,0915,blind,2,65018,25507,1.027693,332
20260929,0915,06,2,60160,29151,1.554311,424
20260929,0915,blind,1,31589,9140,0.531981,111
20260930,0915,01,1,103220,18547,1.2398069999999999,231
20260930,0915,01,1,24008,9149,0.45567700000000005,140
20260928,0915,01,1,37171,17624,0.749175,233
20260928,0915,01,1,43109,19629,0.852606,253
20260930,0915,06,1,139246,38359,1.848965,657
20260930,0915,02,1,90227,15346,1.049121,214
20260930,0915,02,1,30541,13640,0.609769,215
20260928,0915,02,1,36523,15862,0.730237,243
20260928,0915,02,2,24120,3786,0.273682,58
20260928,0915,03b,1,27148,6524,0.38504800000000006,89
20260930,0915,02,2,97672,14955,1.030011,219
20260928,0915,06,1,183012,70040,3.44622,1042
20260928,0915,03s,1,31617,10105,0.5039579999999999,143
20260930,0915,03b,1,91492,12362,1.032014,193
20260928,0915,02,1,60279,37177,1.3917479999999998,633
20260928,0915,03b,1,32894,16303,0.657869,226
20260928,0915,03j,1,48558,21164,0.8473139999999999,316
20260930,0915,03s,1,108959,22711,1.4191939999999998,329
20260928,0915,03s,1,24678,9135,0.43819700000000006,147
20260930,0915,04,1,115198,64742,3.6575480000000002,1000
20260928,0915,03j,1,46819,21896,0.9599909999999999,318
20260930,0915,03j,1,133841,27899,1.7958640000000001,387
20260928,0915,04,1,65253,29617,1.6225939999999996,465
20260928,0915,06,1,124438,69519,3.2892529999999995,1094
20260930,0915,05,1,58793,31504,1.3982690000000002,399
20260928,0915,04,1,56679,24519,1.018834,358
20260928,0915,05,1,75590,33323,1.5770089999999997,506
20260930,0915,06,1,49091,24799,1.0973339999999998,294
20260928,0915,05,1,50251,23515,1.0532100000000002,321
20260930,0915,04,1,166158,56602,3.0608159999999995,923
20260930,0915,06,2,74234,33855,1.779433,438
20260928,0915,06,1,86646,35256,1.9734460000000003,570
20260930,0915,05,1,148611,15762,1.667089,225
20260928,0915,06,1,86280,39659,1.8982349999999997,504
20260928,0915,blind,1,18475,940,0.15190700000000001,194
20260930,0915,blind,1,37442,9789,0.678719,395
20260928,0915,blind,2,0,0,0,176
20260930,0915,blind,2,0,0,0,186
20260928,0915,blind,1,24933,24209,0.781474,534
20260930,0915,06,1,57907,21023,0.952518,487
20260928,0915,blind,2,45346,90525,2.587903,1386
20260928,0915,blind,3,0,0,0,176
20260930,0915,blind,3,0,0,0,188
20260928,0915,06,1,0,0,0,182
20260930,0915,06,2,0,0,0,185
20260930,0915,06,3,0,0,0,186
20260929,0915,01,1,46868,11135,0.617899,146
20260929,0915,01,1,50889,21622,0.985843,389
20260929,0915,02,1,34213,12971,0.5973879999999999,207
20260929,0915,02,1,49811,31143,1.2620940000000003,542
20260929,0915,03b,1,34123,12521,0.579992,171
20260929,0915,02,2,39875,10905,0.6115519999999999,202
20260929,0915,03s,1,32508,10516,0.49814400000000003,158
20260928,0915,01,1,78173,14726,1.009543,218
20260928,0915,01,1,57108,17864,1.100204,233
20260928,0915,01,1,39117,15158,0.744679,237
20260928,0915,01,1,30694,14920,0.6904060000000001,216
20260928,0915,02,1,37027,11940,0.6007870000000001,191
20260928,0915,02,2,25488,4589,0.37275699999999995,90
20260928,0915,02,1,100178,25477,1.360503,321
20260928,0915,02,1,44939,20784,0.8832710000000001,340
20260928,0915,02,1,48436,25923,1.0075350000000003,343
20260928,0915,03b,1,37444,13604,0.6775599999999999,199
20260928,0915,02,2,90110,12980,1.04417,199
20260928,0915,02,2,49602,17406,1.0341680000000002,218
20260928,0915,02,3,86117,3216,0.6829850000000001,49
20260928,0915,03s,1,40949,14791,0.7439919999999999,263
20260928,0915,03b,1,39578,13871,0.8972730000000002,227
20260928,0915,04,1,75991,23868,1.270959,442
20260928,0915,03s,1,29567,7463,0.464266,128
20260928,0915,03j,1,56465,21056,0.9192209999999998,267
20260928,0915,05,1,31400,15079,0.697975,222
20260928,0915,03j,1,48241,17586,0.8349989999999999,260
20260928,0915,04,1,64785,26788,1.3273850000000003,391
20260928,0915,04,1,68287,32308,1.405423,442
